N,C,regime,seed,k0,k2,b_mean,E0,t_sh1_sim,t_shE_sim,t_rhoc_sim,t1_mf,t1_laplace_ih,t1_laplace_emp,casc_mf,tail_mf,n_events_init,extras_mean_init,n_events_casc,extras_mean_casc,extras_p90_casc,extras_max_casc,n_events_tail,extras_mean_tail,extras_p90_tail,extras_max_tail
20000,7.0986,case_II,0,7.23675,309.65675,0.4984572851682628,48245,154025962,154025962,154025962,191881266.45849916,209394395.3514099,208671638.15106753,24877568.325507075,327225570.0232687,31915,0.5028669904433651,0,nan,nan,nan,0,nan,nan,nan
20000,7.0986,case_II,1,7.0986,265.3882,0.49868777086912053,47324,159312625,159312625,159312625,190513004.7313684,207855284.21401978,209947430.61436343,25424917.01292461,311141037.14287627,31640,0.4854930467762326,0,nan,nan,nan,0,nan,nan,nan
20000,7.0986,case_II,2,7.1976,313.4821,0.49997259904148833,47984,163130089,163130089,163130089,190942291.10108244,208963096.1418152,210428328.95449257,24964178.734244764,329373558.95493865,32477,0.4683930165963605,0,nan,nan,nan,0,nan,nan,nan
20000,7.0986,case_II,3,7.02375,246.63535,0.5013893962957707,46825,164286160,164286160,164286160,188779096.99667338,207000792.02651978,206871718.32062104,25572417.5241116,302302887.3447979,31820,0.46200502828409806,0,nan,nan,nan,0,nan,nan,nan
20000,7.0986,case_II,4,7.1076,308.0972,0.5053044273339052,47384,157622145,157622145,157622145,188101897.93624133,207957088.94729614,205203561.15629447,25057265.669274956,326917595.4138145,31783,0.4812635685743951,0,nan,nan,nan,0,nan,nan,nan
20000,7.0986,case_II,5,7.32735,355.53445,0.5010990084011251,48849,163756395,163756395,163756395,191682405.46534878,210377752.7809143,212408217.59782475,24360158.124273658,340946161.69295645,33052,0.4693210698293598,0,nan,nan,nan,0,nan,nan,nan
20000,7.0986,case_II,6,7.3407,439.1078,0.49837112162847896,48938,156042026,156042026,156042026,192850539.9602959,210521042.34695435,211638419.9662221,24434827.051636368,371097624.61596256,32622,0.49068113543007785,0,nan,nan,nan,0,nan,nan,nan
20000,7.0986,case_II,7,7.12395,267.08205,0.4989437636400173,47493,162807956,162807956,162807956,190653112.30592734,208141386.50894165,208185825.42127925,25312374.377013355,310889138.28955764,32173,0.466788922388338,0,nan,nan,nan,0,nan,nan,nan
20000,7.0986,case_II,8,7.1592,299.353,0.49915766052730415,47728,165631160,165631160,165631160,190899623.43611377,208536446.09451294,209531463.62117532,25160991.240608215,325050001.6319234,32559,0.4561258023895083,0,nan,nan,nan,0,nan,nan,nan
20000,7.0986,case_II,9,7.22805,355.75635,0.5001828437406626,48187,165263385,165263385,165263385,191140196.8483873,209298908.71047974,212476621.6455263,24828006.88422668,345330787.80473924,32689,0.46385634311236196,0,nan,nan,nan,0,nan,nan,nan
20000,7.0986,case_II,10,7.12455,260.36655,0.49452471444388013,47497,161710896,161710896,161710896,192362441.71082655,208148062.2291565,210291560.04752326,25536172.023843586,310115892.98184264,31926,0.47832487627638914,0,nan,nan,nan,0,nan,nan,nan
20000,7.0986,case_II,11,7.0713,281.6896,0.5005219957511872,47142,162413627,162413627,162413627,189557881.66186935,207545340.06118774,210203224.5810362,25437051.688745767,319192184.3373307,31846,0.4708597626075488,0,nan,nan,nan,0,nan,nan,nan
20000,7.0986,case_II,12,7.3338,404.6801,0.502738295637159,48892,162046272,162046272,162046272,191114396.1264152,210447013.3781433,213784287.44948763,24252672.839482963,357106642.89612263,32832,0.48029361598440545,0,nan,nan,nan,0,nan,nan,nan
20000,7.0986,case_II,13,7.12515,278.60965,0.5026012468751034,47501,153773433,153773433,153773433,189276850.97967848,208154857.1586609,203155165.57452995,25123464.613954306,314336754.4575325,31722,0.48814702729966586,0,nan,nan,nan,0,nan,nan,nan
20000,7.0986,case_II,14,7.31235,360.06955,0.4996167244209554,48749,160921338,160921338,160921338,192117343.7951428,210216343.40286255,211662577.3625722,24497746.72640294,344236912.94913316,32799,0.477270648495381,0,nan,nan,nan,0,nan,nan,nan
20000,14.1972,case_I,0,7.23675,309.65675,0.4984572851682628,48245,239863121,249106137,275446783,227972497.98502663,253746151.9241333,252878879.15838888,25654020.869790852,327225570.0232687,38682,0.021560415697223514,457,16.485776805251643,0.0,7117.0,107,0.5046728971962616,1.4000000000000057,8.0
20000,14.1972,case_I,1,7.0986,265.3882,0.49868777086912053,47324,243144798,248013757,259413857,226009300.23473856,251415133.47625732,253939958.43225566,25372645.439331263,311141037.14287627,38056,0.014610048349800295,234,33.2008547008547,0.0,6849.0,48,0.22916666666666666,0.30000000000000426,5.0
20000,14.1972,case_I,2,7.1976,313.4821,0.49997259904148833,47984,247701485,249353828,281121902,226761398.07895833,253091216.0873413,254799223.10820195,25501131.59299004,329373558.95493865,38862,0.009315012094076475,82,96.1829268292683,1.0,7700.0,138,0.6521739130434783,2.299999999999997,13.0
20000,14.1972,case_I,3,7.02375,246.63535,0.5013893962957707,46825,249646923,253174504,262666084,223769605.77718842,250128149.9862671,249849234.48961496,25086416.34095794,302302887.3447979,37923,0.005300213590696938,176,44.0625,1.0,7668.0,55,0.5272727272727272,2.0,9.0
20000,14.1972,case_I,4,7.1076,308.0972,0.5053044273339052,47384,235433091,240277826,260233112,223170779.54726982,251568675.04119873,248050765.63748288,25058043.889686346,326917595.4138145,37904,0.02348037146475306,257,29.750972762645915,1.0,7181.0,98,0.30612244897959184,1.0,5.0
20000,14.1972,case_I,5,7.32735,355.53445,0.5010990084011251,48849,248101362,251253879,286444468,227956982.57133722,255244612.69378662,257608000.68344212,25689095.608425647,340946161.69295645,39477,0.014666767991488715,141,56.07801418439716,1.0,7386.0,147,0.5782312925170068,2.0,12.0
20000,14.1972,case_I,6,7.3407,439.1078,0.49837112162847896,48938,239391592,241931836,308685573,229378768.54364643,255463480.94940186,256881975.29554248,25854564.594268113,371097624.61596256,39233,0.027782733922973007,120,64.8,1.0,7482.0,229,0.3231441048034934,1.0,5.0
20000,14.1972,case_I,7,7.12395,267.08205,0.4989437636400173,47493,244814232,248066275,269260061,226237773.66067037,251847147.94158936,251813001.7794437,25409829.36081621,310889138.28955764,38348,0.01880150203400438,170,43.94705882352941,0.0,7078.0,90,0.4777777777777778,2.0,5.0
20000,14.1972,case_I,8,7.1592,299.353,0.49915766052730415,47728,248595422,255098899,272706476,226616780.96092713,252444624.90081787,253548175.09215572,25468142.668712944,325050001.6319234,38724,0.006662534862101023,328,23.567073170731707,0.0,7608.0,75,0.4,1.0,7.0
20000,14.1972,case_I,9,7.22805,355.75635,0.5001828437406626,48187,249001408,256283039,297162115,227070818.20856833,253600955.00946045,257599034.64993203,25548899.55644971,345330787.80473924,38926,0.01261367723372553,360,21.377777777777776,1.0,7379.0,159,0.3522012578616352,1.0,4.0
20000,14.1972,case_I,10,7.12455,260.36655,0.49452471444388013,47497,242094103,256702661,269539328,228267628.1107344,251857161.52191162,254732875.04160684,25638084.975337684,310115892.98184264,38073,0.019488876631733775,667,10.869565217391305,1.0,6889.0,62,0.5645161290322581,1.0,9.0
20000,14.1972,case_I,11,7.0713,281.6896,0.5005219957511872,47142,243338632,249415161,267142832,224809419.412231,250947594.64263916,254312068.97036391,25225385.408302665,319192184.3373307,37871,0.015473581368329329,285,26.94736842105263,0.0,6899.0,86,0.3372093023255814,1.0,4.0
20000,14.1972,case_I,12,7.3338,404.6801,0.502738295637159,48892,250072856,253559154,308513931,227297089.7111311,255350470.5429077,259401724.6806774,25617247.988534033,357106642.89612263,39535,0.013911723789047679,165,48.121212121212125,1.0,7474.0,182,0.3791208791208791,1.0,8.0
20000,14.1972,case_I,13,7.12515,278.60965,0.5026012468751034,47501,237881871,242370740,253415489,224607561.5245379,251867413.520813,245594861.51667756,25227269.908110917,314336754.4575325,38272,0.013090510033444816,238,32.68487394957983,1.0,7593.0,49,0.8367346938775511,3.0,12.0
20000,14.1972,case_I,14,7.31235,360.06955,0.4996167244209554,48749,249534303,251669171,292878438,228437709.57028797,254998087.8829956,256754807.4633547,25737336.139790714,344236912.94913316,39524,0.01077826130958405,124,64.18548387096774,1.0,7617.0,159,0.3270440251572327,1.0,5.0
