seed,N,k_min,C,regime,t_trigger,Sh_before,Sh_after,n_cascade,e_load,q50,q90,q99,qmax
0,1000,3,6.537,case_II,436769,0.29697525206232817,0.008249312557286892,630,6.284330879401892,3.1437896883926433,5.126124828694898,6.271085123708145,6.452583750171584
1,1000,3,6.537,case_II,410540,0.30839834786599357,0.009178522257916476,652,3.493566918231537,3.0969977810412663,4.866937896985798,5.976593285959548,6.518693445974557
2,1000,3,6.537,case_II,426924,0.30783582089552236,0.008861940298507462,641,4.907711142319987,3.012291069795472,4.946829525860054,6.19365210466773,6.378682438515811
3,1000,3,6.537,case_II,436658,0.2803286611889802,0.007733204446592557,564,4.915214254801816,3.3931326979524643,5.166056572330542,6.1595159300941535,6.505949130555196
4,1000,3,6.537,case_II,420302,0.2981199641897941,0.005371530886302597,654,5.323763585232256,3.1978937074968643,5.100702838044531,6.37304628022942,6.520963151460968
0,1000,3,13.074,case_I,622258,0.20119156736938587,0.19890009165902842,5,8.99873126041378,4.636802118903166,7.508882077156795,11.322334574700813,12.53199042427792
1,1000,3,13.074,case_I,596631,0.200550711335475,0.20009178522257917,1,3.8085228610152253,4.713981904955371,7.849731462089604,10.559355297675928,11.309996034898479
2,1000,3,13.074,case_I,602084,0.20289179104477612,0.20242537313432835,1,5.483412901344834,4.641618722464139,7.7584044416906535,10.91247890304337,12.894343497192866
3,1000,3,13.074,case_I,594615,0.208313194780087,0.20782986950217497,1,8.811992677296827,4.3477388890818895,7.68558171686899,10.846718593707212,11.999140605754178
4,1000,3,13.074,case_I,589260,0.19785138764547897,0.19427036705461057,8,8.20828704507047,4.66951329586741,8.177697652187039,11.267966719919489,12.639528592694742
