tag,C_frac,regime,method,k,gc,gc_rel,Tc,Tc_rel
synthetic_N1000_m2_hetb,1.5,case_I,dTc,0,1.0,1.0,659987.57,1.0
synthetic_N1000_m2_hetb,1.5,case_I,dTc,9,0.99,0.99,572429.245,0.8673333726573064
synthetic_N1000_m2_hetb,1.5,case_I,dTc,18,0.979,0.979,533342.945,0.8081105906282446
synthetic_N1000_m2_hetb,1.5,case_I,dTc,27,0.965,0.965,508153.385,0.7699438718217073
synthetic_N1000_m2_hetb,1.5,case_I,dTc,36,0.952,0.952,487478.16,0.7386171833508925
synthetic_N1000_m2_hetb,1.5,case_I,dTc,45,0.939,0.939,471466.045,0.7143559461278945
synthetic_N1000_m2_hetb,1.5,case_I,dTc,55,0.925,0.925,459007.01,0.6954782648406546
synthetic_N1000_m2_hetb,1.5,case_I,dTc,64,0.91,0.91,451350.685,0.6838775539363567
synthetic_N1000_m2_hetb,1.5,case_I,dTc,73,0.898,0.898,445629.38,0.6752087467344272
synthetic_N1000_m2_hetb,1.5,case_I,dTc,82,0.883,0.883,438066.2,0.6637491672759838
synthetic_N1000_m2_hetb,1.5,case_I,dTc,91,0.868,0.868,434352.89,0.6581228340406472
synthetic_N1000_m2_hetb,1.5,case_I,dTc,100,0.856,0.856,430934.46,0.6529432970987621
synthetic_N1000_m2_hetb,1.5,case_I,hyperdegree,0,1.0,1.0,659987.57,1.0
synthetic_N1000_m2_hetb,1.5,case_I,hyperdegree,9,0.986,0.986,608853.36,0.9225224650821834
synthetic_N1000_m2_hetb,1.5,case_I,hyperdegree,18,0.974,0.974,554912.365,0.8407921455248014
synthetic_N1000_m2_hetb,1.5,case_I,hyperdegree,27,0.956,0.956,517074.1,0.7834603612307426
synthetic_N1000_m2_hetb,1.5,case_I,hyperdegree,36,0.939,0.939,500621.3,0.758531406886951
synthetic_N1000_m2_hetb,1.5,case_I,hyperdegree,45,0.923,0.923,483590.765,0.7327270799963703
synthetic_N1000_m2_hetb,1.5,case_I,hyperdegree,55,0.893,0.893,471334.08,0.7141559953924588
synthetic_N1000_m2_hetb,1.5,case_I,hyperdegree,64,0.87,0.87,457146.78,0.6926596814543039
synthetic_N1000_m2_hetb,1.5,case_I,hyperdegree,73,0.849,0.849,452305.54,0.6853243311839949
synthetic_N1000_m2_hetb,1.5,case_I,hyperdegree,82,0.829,0.829,444163.825,0.6729881670347216
synthetic_N1000_m2_hetb,1.5,case_I,hyperdegree,91,0.807,0.807,438458.76,0.664343966356821
synthetic_N1000_m2_hetb,1.5,case_I,hyperdegree,100,0.782,0.782,430919.875,0.6529211981977177
synthetic_N1000_m2_hetb,1.5,case_I,betweenness,0,1.0,1.0,659987.57,1.0
synthetic_N1000_m2_hetb,1.5,case_I,betweenness,9,0.987,0.987,605866.94,0.917997501074149
synthetic_N1000_m2_hetb,1.5,case_I,betweenness,18,0.974,0.974,556907.085,0.8438145054762168
synthetic_N1000_m2_hetb,1.5,case_I,betweenness,27,0.956,0.956,517074.1,0.7834603612307426
synthetic_N1000_m2_hetb,1.5,case_I,betweenness,36,0.941,0.941,498701.965,0.7556232687836834
synthetic_N1000_m2_hetb,1.5,case_I,betweenness,45,0.923,0.923,482819.205,0.7315580276761879
synthetic_N1000_m2_hetb,1.5,case_I,betweenness,55,0.893,0.893,471200.415,0.7139534688509361
synthetic_N1000_m2_hetb,1.5,case_I,betweenness,64,0.875,0.875,456903.975,0.6922917881620104
synthetic_N1000_m2_hetb,1.5,case_I,betweenness,73,0.855,0.855,452360.945,0.685408279734723
synthetic_N1000_m2_hetb,1.5,case_I,betweenness,82,0.834,0.834,444824.555,0.6739892919498469
synthetic_N1000_m2_hetb,1.5,case_I,betweenness,91,0.808,0.808,438042.145,0.6637127196198559
synthetic_N1000_m2_hetb,1.5,case_I,betweenness,100,0.785,0.785,430748.595,0.652661678158575
synthetic_N1000_m2_hetb,1.5,case_I,pagerank,0,1.0,1.0,659987.57,1.0
synthetic_N1000_m2_hetb,1.5,case_I,pagerank,9,0.987,0.987,605866.94,0.917997501074149
synthetic_N1000_m2_hetb,1.5,case_I,pagerank,18,0.974,0.974,554912.365,0.8407921455248014
synthetic_N1000_m2_hetb,1.5,case_I,pagerank,27,0.956,0.956,517074.1,0.7834603612307426
synthetic_N1000_m2_hetb,1.5,case_I,pagerank,36,0.939,0.939,500621.3,0.758531406886951
synthetic_N1000_m2_hetb,1.5,case_I,pagerank,45,0.923,0.923,483590.765,0.7327270799963703
synthetic_N1000_m2_hetb,1.5,case_I,pagerank,55,0.893,0.893,467401.11,0.7081968377071102
synthetic_N1000_m2_hetb,1.5,case_I,pagerank,64,0.873,0.873,459281.925,0.6958948105643868
synthetic_N1000_m2_hetb,1.5,case_I,pagerank,73,0.849,0.849,452189.38,0.6851483278692658
synthetic_N1000_m2_hetb,1.5,case_I,pagerank,82,0.829,0.829,445505.77,0.6750214553283178
synthetic_N1000_m2_hetb,1.5,case_I,pagerank,91,0.805,0.805,437520.095,0.6629217198742091
synthetic_N1000_m2_hetb,1.5,case_I,pagerank,100,0.779,0.779,432036.335,0.6546128361175045
synthetic_N1000_m2_hetb,1.5,case_I,degree_x_vuln,0,1.0,1.0,659987.57,1.0
synthetic_N1000_m2_hetb,1.5,case_I,degree_x_vuln,9,0.99,0.99,571436.36,0.865828973112327
synthetic_N1000_m2_hetb,1.5,case_I,degree_x_vuln,18,0.977,0.977,531963.225,0.8060200664082204
synthetic_N1000_m2_hetb,1.5,case_I,degree_x_vuln,27,0.964,0.964,504258.05,0.7640417379375797
synthetic_N1000_m2_hetb,1.5,case_I,degree_x_vuln,36,0.953,0.953,484907.24,0.7347217766540665
synthetic_N1000_m2_hetb,1.5,case_I,degree_x_vuln,45,0.937,0.937,469474.19,0.7113379271673254
synthetic_N1000_m2_hetb,1.5,case_I,degree_x_vuln,55,0.919,0.919,456367.915,0.6914795607438485
synthetic_N1000_m2_hetb,1.5,case_I,degree_x_vuln,64,0.896,0.896,446581.48,0.6766513496610247
synthetic_N1000_m2_hetb,1.5,case_I,degree_x_vuln,73,0.876,0.876,436614.75,0.6615499591908981
synthetic_N1000_m2_hetb,1.5,case_I,degree_x_vuln,82,0.856,0.856,429466.28,0.6507187400514226
synthetic_N1000_m2_hetb,1.5,case_I,degree_x_vuln,91,0.831,0.831,421429.665,0.6385418213255137
synthetic_N1000_m2_hetb,1.5,case_I,degree_x_vuln,100,0.814,0.814,415036.7,0.6288553282905011
synthetic_N1000_m2_hetb,0.75,case_II,dTc,0,1.0,1.0,422511.125,1.0
synthetic_N1000_m2_hetb,0.75,case_II,dTc,9,0.991,0.991,361051.185,0.8545365166420175
synthetic_N1000_m2_hetb,0.75,case_II,dTc,18,0.977,0.977,338108.005,0.800234561871004
synthetic_N1000_m2_hetb,0.75,case_II,dTc,27,0.965,0.965,323336.3,0.7652728670753935
synthetic_N1000_m2_hetb,0.75,case_II,dTc,36,0.951,0.951,311398.84,0.737019267835847
synthetic_N1000_m2_hetb,0.75,case_II,dTc,45,0.933,0.933,302612.88,0.7162246437889653
synthetic_N1000_m2_hetb,0.75,case_II,dTc,55,0.914,0.914,295737.6,0.6999522201930185
synthetic_N1000_m2_hetb,0.75,case_II,dTc,64,0.896,0.896,289795.975,0.6858895727301855
synthetic_N1000_m2_hetb,0.75,case_II,dTc,73,0.88,0.88,285942.825,0.6767699312059535
synthetic_N1000_m2_hetb,0.75,case_II,dTc,82,0.863,0.863,282728.81,0.669162995412251
synthetic_N1000_m2_hetb,0.75,case_II,dTc,91,0.849,0.849,279601.335,0.6617608826276469
synthetic_N1000_m2_hetb,0.75,case_II,dTc,100,0.838,0.838,277602.065,0.657029007224366
synthetic_N1000_m2_hetb,0.75,case_II,hyperdegree,0,1.0,1.0,422511.125,1.0
synthetic_N1000_m2_hetb,0.75,case_II,hyperdegree,9,0.986,0.986,379042.25,0.8971177977857979
synthetic_N1000_m2_hetb,0.75,case_II,hyperdegree,18,0.974,0.974,346913.32,0.8210749953625481
synthetic_N1000_m2_hetb,0.75,case_II,hyperdegree,27,0.956,0.956,328642.52,0.7778316369776063
synthetic_N1000_m2_hetb,0.75,case_II,hyperdegree,36,0.939,0.939,318177.68,0.7530634370870116
synthetic_N1000_m2_hetb,0.75,case_II,hyperdegree,45,0.923,0.923,310224.7,0.7342403114237525
synthetic_N1000_m2_hetb,0.75,case_II,hyperdegree,55,0.893,0.893,302593.305,0.7161783136479543
synthetic_N1000_m2_hetb,0.75,case_II,hyperdegree,64,0.87,0.87,295467.445,0.699312816911034
synthetic_N1000_m2_hetb,0.75,case_II,hyperdegree,73,0.849,0.849,292384.255,0.6920155179345869
synthetic_N1000_m2_hetb,0.75,case_II,hyperdegree,82,0.829,0.829,287531.16,0.6805292050002233
synthetic_N1000_m2_hetb,0.75,case_II,hyperdegree,91,0.807,0.807,284946.205,0.6744111294110895
synthetic_N1000_m2_hetb,0.75,case_II,hyperdegree,100,0.782,0.782,280694.06,0.6643471458887621
synthetic_N1000_m2_hetb,0.75,case_II,betweenness,0,1.0,1.0,422511.125,1.0
synthetic_N1000_m2_hetb,0.75,case_II,betweenness,9,0.987,0.987,376481.68,0.8910574366532952
synthetic_N1000_m2_hetb,0.75,case_II,betweenness,18,0.974,0.974,347693.535,0.8229216094605792
synthetic_N1000_m2_hetb,0.75,case_II,betweenness,27,0.956,0.956,328642.52,0.7778316369776063
synthetic_N1000_m2_hetb,0.75,case_II,betweenness,36,0.941,0.941,317762.69,0.7520812380975768
synthetic_N1000_m2_hetb,0.75,case_II,betweenness,45,0.923,0.923,309225.105,0.7318744683941754
synthetic_N1000_m2_hetb,0.75,case_II,betweenness,55,0.893,0.893,302604.915,0.716205792214347
synthetic_N1000_m2_hetb,0.75,case_II,betweenness,64,0.875,0.875,295364.435,0.6990690126798437
synthetic_N1000_m2_hetb,0.75,case_II,betweenness,73,0.855,0.855,291692.63,0.6903785787889017
synthetic_N1000_m2_hetb,0.75,case_II,betweenness,82,0.834,0.834,287995.34,0.681627826959586
synthetic_N1000_m2_hetb,0.75,case_II,betweenness,91,0.808,0.808,284926.44,0.6743643495777774
synthetic_N1000_m2_hetb,0.75,case_II,betweenness,100,0.785,0.785,280305.025,0.6634263772344456
synthetic_N1000_m2_hetb,0.75,case_II,pagerank,0,1.0,1.0,422511.125,1.0
synthetic_N1000_m2_hetb,0.75,case_II,pagerank,9,0.987,0.987,376481.68,0.8910574366532952
synthetic_N1000_m2_hetb,0.75,case_II,pagerank,18,0.974,0.974,346913.32,0.8210749953625481
synthetic_N1000_m2_hetb,0.75,case_II,pagerank,27,0.956,0.956,328642.52,0.7778316369776063
synthetic_N1000_m2_hetb,0.75,case_II,pagerank,36,0.939,0.939,318177.68,0.7530634370870116
synthetic_N1000_m2_hetb,0.75,case_II,pagerank,45,0.923,0.923,310224.7,0.7342403114237525
synthetic_N1000_m2_hetb,0.75,case_II,pagerank,55,0.893,0.893,301266.46,0.7130379347999417
synthetic_N1000_m2_hetb,0.75,case_II,pagerank,64,0.873,0.873,296320.98,0.70133296490122
synthetic_N1000_m2_hetb,0.75,case_II,pagerank,73,0.849,0.849,292379.75,0.69200485549345
synthetic_N1000_m2_hetb,0.75,case_II,pagerank,82,0.829,0.829,288243.025,0.6822140482099732
synthetic_N1000_m2_hetb,0.75,case_II,pagerank,91,0.805,0.805,284860.1,0.6742073359606803
synthetic_N1000_m2_hetb,0.75,case_II,pagerank,100,0.779,0.779,280748.07,0.6644749768423258
synthetic_N1000_m2_hetb,0.75,case_II,degree_x_vuln,0,1.0,1.0,422511.125,1.0
synthetic_N1000_m2_hetb,0.75,case_II,degree_x_vuln,9,0.99,0.99,361223.84,0.8549451567695407
synthetic_N1000_m2_hetb,0.75,case_II,degree_x_vuln,18,0.977,0.977,338026.365,0.8000413361896683
synthetic_N1000_m2_hetb,0.75,case_II,degree_x_vuln,27,0.964,0.964,323346.56,0.7652971504596476
synthetic_N1000_m2_hetb,0.75,case_II,degree_x_vuln,36,0.953,0.953,312760.98,0.7402431829457745
synthetic_N1000_m2_hetb,0.75,case_II,degree_x_vuln,45,0.937,0.937,303286.045,0.7178178917774058
synthetic_N1000_m2_hetb,0.75,case_II,degree_x_vuln,55,0.919,0.919,294941.92,0.6980690035084874
synthetic_N1000_m2_hetb,0.75,case_II,degree_x_vuln,64,0.896,0.896,288714.445,0.6833298058128056
synthetic_N1000_m2_hetb,0.75,case_II,degree_x_vuln,73,0.876,0.876,283734.475,0.6715432049274441
synthetic_N1000_m2_hetb,0.75,case_II,degree_x_vuln,82,0.856,0.856,278983.96,0.6602996784995898
synthetic_N1000_m2_hetb,0.75,case_II,degree_x_vuln,91,0.831,0.831,274700.415,0.6501613774075179
synthetic_N1000_m2_hetb,0.75,case_II,degree_x_vuln,100,0.814,0.814,271364.545,0.6422660350067705
